ChapterNumber,Link,Source,Title
CFM39020,View changes,Corporate Finance Manual,Artificial Payments Of Interest
CFM39040,View changes,Corporate Finance Manual,Reset Bonds: Introduction
CFM95190,View changes,Corporate Finance Manual,Glossary Of Terms
CFM95220,View changes,Corporate Finance Manual,"Rules: Interest Capacity, Allowances And Disallowances"
CFM95605,View changes,Corporate Finance Manual,x-Interest: Overview
CFM95610,View changes,Corporate Finance Manual,x-Interest: Tax-Interest Expense And Income Amounts
CFM95620,View changes,Corporate Finance Manual,x-Interest: Disregarded Periods
CFM95630,View changes,Corporate Finance Manual,x-Interest: Relevant Loan Relationship Amounts
CFM95640,View changes,Corporate Finance Manual,x-Interest: Loan Relationship Fair Value Accounting
CFM95650,View changes,Corporate Finance Manual,x-Interest: Relevant Derivative Contract Amounts
CFM95660,View changes,Corporate Finance Manual,x-Interest: Implicit Financing Costs
CFM95670,View changes,Corporate Finance Manual,x-Interest: Consideration Received For Provision Of A Guarantee
CFM95680,View changes,Corporate Finance Manual,x-Interest: Double Taxation Relief
CFM95690,View changes,Corporate Finance Manual,x-Interest: Co-Operative And Community Benefit Societies
CFM95695,View changes,Corporate Finance Manual,x-Interest: Certain Payments Made To Charaties
CFM95697,View changes,Corporate Finance Manual,x-Interest: Authorised Investment Funds And Investment Trust Companies
CFM95698,View changes,Corporate Finance Manual,Ttax-Interest: Securitisation Companies
CFM96840,View changes,Corporate Finance Manual,Election: Example With Interest Allowance (Consolidated Partnerships) Election
CFM96860,View changes,Corporate Finance Manual,Election: Application Of Election
CFM96930,View changes,Corporate Finance Manual,Infrastructure Company JV: How TIOPA10/S401 And TIOPA10/S427 Apply To A Single Company That Has Made A Section 444 Election
CFM96960,View changes,Corporate Finance Manual,Infrastructure Company JV: Effect On Other Companies
CFM97110,View changes,Corporate Finance Manual,Infrastructure: Outline
CFM97120,View changes,Corporate Finance Manual,Infrastructure: Qualifying Infrastructure Activity
CFM97130,View changes,Corporate Finance Manual,Infrastructure: Public Infrastructure Asset
CFM97140,View changes,Corporate Finance Manual,Infrastructure: Public Benefit Test
CFM97150,View changes,Corporate Finance Manual,Infrastructure: Expected Economic Life
CFM97160,View changes,Corporate Finance Manual,Infrastructure: Group Balance Sheet Test
CFM97170,View changes,Corporate Finance Manual,Infrastructure: Buildings Within UK Property Business
CFM97180,View changes,Corporate Finance Manual,"Infrastructure: Ancillary To, Or Facilitates, Provision"
CFM97190,View changes,Corporate Finance Manual,Infrastructure: Qualifying Infrastructure Company
CFM97200,View changes,Corporate Finance Manual,Infrastructure: The Income Test
CFM97210,View changes,Corporate Finance Manual,Infrastructure: The Asset Test
CFM97220,View changes,Corporate Finance Manual,Infrastructure: Fully Taxed In The UK
CFM97230,View changes,Corporate Finance Manual,Infrastructure: Decommissioning And Decommissioning Funds
CFM97240,View changes,Corporate Finance Manual,Infrastructure: The Election
CFM97250,View changes,Corporate Finance Manual,Infrastructure: Elections For A Transitional Period
CFM97260,View changes,Corporate Finance Manual,Infrastructure: Joint Elections Modifying The Effect Of An Election To Be Qualifying Infrastructure Company
CFM97270,View changes,Corporate Finance Manual,Infrastructure: Meaning Of Insignificant For Members Of A Joint Election
CFM97290,View changes,Corporate Finance Manual,Infrastructure: Effect Of Section 435 Election On Anti-Cycling Provisions
CFM97300,View changes,Corporate Finance Manual,Infrastructure: Exemption For Interest Payable To Third Parties
CFM97330,View changes,Corporate Finance Manual,"Infrastructure: Guarantees, Indemnities And Financial Assistance"
CFM97340,View changes,Corporate Finance Manual,Infrastructure: Qualifying Old Loan Relationship
CFM97360,View changes,Corporate Finance Manual,Infrastructure: Highly Predictable
CFM97370,View changes,Corporate Finance Manual,Infrastructure: Ceasing To Be A Qualifying Old Loan Relationship
CFM97380,View changes,Corporate Finance Manual,Infrastructure: Amounts To Be Ignored Or Treated As Nil
CFM97390,View changes,Corporate Finance Manual,Infrastructure: Interaction With The ‘De Minimis’ Provisions
CFM97400,View changes,Corporate Finance Manual,Infrastructure: Interaction With The Transitional Provisions
CFM97420,View changes,Corporate Finance Manual,Infrastructure: Partnerships And Transparent Entities
CFM97430,View changes,Corporate Finance Manual,Infrastructure: Relevant Public Body
CFM97505,View changes,Corporate Finance Manual,Groups: Overview
CFM97515,View changes,Corporate Finance Manual,Groups: Banking Companies And Banking Groups
CFM97525,View changes,Corporate Finance Manual,Groups: Insurance Companies And Groups
CFM97710,View changes,Corporate Finance Manual,Reits: Overview
CFM97720,View changes,Corporate Finance Manual,Reits: Allocation Of Disallowances
CFM97730,View changes,Corporate Finance Manual,Reits: Limit On Property Rental Business (PRB) Disallowance
CFM97740,View changes,Corporate Finance Manual,Reits: Disallowance To Residual Business
CFM97750,View changes,Corporate Finance Manual,Reits: Reits And The Interest Restriction Return
CFM97760,View changes,Corporate Finance Manual,Reits: Corporate Non-Resident Landlords
CFM97810,View changes,Corporate Finance Manual,Leasing: Overview
CFM97820,View changes,Corporate Finance Manual,Leasing: Long Funding Operating Leases
CFM97830,View changes,Corporate Finance Manual,Leasing: Finance Leases That Are Not Long Funding Leases
CFM97920,View changes,Corporate Finance Manual,Regimes: Oil & Gas
CFM98010,View changes,Corporate Finance Manual,i-Avoidance: Anti-Avoidance
CFM98020,View changes,Corporate Finance Manual,i-Avoidance: Commencement And Exceptions
CFM98210,View changes,Corporate Finance Manual,Rules: Introduction
CFM98220,View changes,Corporate Finance Manual,Rules: Terminology
CFM98230,View changes,Corporate Finance Manual,Rules: Carry Forward Of Interest Disallowance
CFM98240,View changes,Corporate Finance Manual,Rules: Use And Time-Expiry Of Brought Forward Interest Allowance
CFM98250,View changes,Corporate Finance Manual,Rules: Excess Debt Cap
CFM98310,View changes,Corporate Finance Manual,Rules: Introduction
CFM98320,View changes,Corporate Finance Manual,Rules: Straddling Period Of Account
CFM98330,View changes,Corporate Finance Manual,Rules: Repeal Of Worldwide Debt Cap
CFM98350,View changes,Corporate Finance Manual,Rules: Extended Time Limits
CFM98360,View changes,Corporate Finance Manual,Rules: Previous Accounting And Tax Changes
CFM98410,View changes,Corporate Finance Manual,Administration: Overview
CFM98430,View changes,Corporate Finance Manual,Requirements: The Full Interest Restriction Return
CFM98440,View changes,Corporate Finance Manual,Requirements: The Abbreviated Interest Restriction Return
CFM98460,View changes,Corporate Finance Manual,Requirements: Elections That May Be Made In The Return
CFM98635,View changes,Corporate Finance Manual,Company: Relevant Accounting Period.
CFM98640,View changes,Corporate Finance Manual,Company: Disallowances For Consenting Companies.
CFM98650,View changes,Corporate Finance Manual,Company: Disallowances For Non-Consenting Companies
CFM98654,View changes,Corporate Finance Manual,Company: Disallowances Where No Compliant Interest Restriction Return
CFM98657,View changes,Corporate Finance Manual,Company: Provision Of Information To Other Group Companies Where There Is No Reporting Company
CFM98660,View changes,Corporate Finance Manual,Company: Items Of Income To Be Left Out Of Account
CFM98670,View changes,Corporate Finance Manual,Company: Disallowed Tax-Interest Amounts Carried Forward
CFM98680,View changes,Corporate Finance Manual,Company: Reactivation Of Disallowed Tax-Interest Amounts Carried Forward
CFM98690,View changes,Corporate Finance Manual,Company: Identification Of Reactivated Items Of Income
CFM98700,View changes,Corporate Finance Manual,Company: Set Off Of Disallowances And Reactivations
CFM98730,View changes,Corporate Finance Manual,Procedure: Service Of A Notice Of Enquiry
CFM98740,View changes,Corporate Finance Manual,Procedure: Normal Time Limits For Opening An Enquiry
CFM98750,View changes,Corporate Finance Manual,Procedure: Extended Time Limits Where There Is A Discovery
CFM98760,View changes,Corporate Finance Manual,Procedure: Scope Of Enquiry And Interaction With A CT Return Enquiry
CFM98770,View changes,Corporate Finance Manual,Procedure: Notice Requiring SA Amendment To Prevent Loss Of Tax During Enquiry
CFM98780,View changes,Corporate Finance Manual,Procedure: Revision Of A Return During An Enquiry
CFM98790,View changes,Corporate Finance Manual,"Procedure: Closure Notice, Correct Group And Period Of Account"
CFM98800,View changes,Corporate Finance Manual,Procedure: Requirement Of A Reporting Company To Submit A Revised Return
CFM98810,View changes,Corporate Finance Manual,Procedure: Closure Notices When Return Submitted For Incorrect Period Of Account
CFM98820,View changes,Corporate Finance Manual,Procedure: Closure Notices When Group Was Identified Incorrectly
CFM98830,View changes,Corporate Finance Manual,Procedure: Closure Notices When Incorrect Group And Correct Group Has A Reporting Company
CFM98840,View changes,Corporate Finance Manual,Procedure: Closure Notices When Incorrect Group And Correct Group Has No Reporting Company
CFM98850,View changes,Corporate Finance Manual,Procedure: Direction To Complete An Enquiry
CFM98860,View changes,Corporate Finance Manual,Procedure: Appeals Against Closure And PARA51 Notices
CFM98870,View changes,Corporate Finance Manual,Procedure: Determinations Following An Enquiry And Resulting Revisions
CFM98880,View changes,Corporate Finance Manual,Procedure: Consequential Claims To Company Tax Returns Following Enquiry
CFM98900,View changes,Corporate Finance Manual,Powers: Duty To Keep And Preserve Records
CFM98910,View changes,Corporate Finance Manual,Powers: Introduction
CFM98920,View changes,Corporate Finance Manual,Powers: Powers Relating To Members Of Worldwide Group
CFM98930,View changes,Corporate Finance Manual,Powers: Third Party Information Powers
CFM98940,View changes,Corporate Finance Manual,Powers: Limitation Of Powers When Enquiry Is Currently Opened Into A Filed Return
CFM98950,View changes,Corporate Finance Manual,"Powers: Meaning Of ""Checking An Interest Restriction Return"""
CFM98960,View changes,Corporate Finance Manual,Powers: Appeals Against Information Notices
CFM98970,View changes,Corporate Finance Manual,Powers: General Information Powers And Interest Restriction Information Powers
CFM98990,View changes,Corporate Finance Manual,Administration: Penalties: Introduction
CFM99000,View changes,Corporate Finance Manual,Administration: Penalties: Penalties For Failure To Deliver An Interest Restriction Return
CFM99010,View changes,Corporate Finance Manual,Administration: Penalties: Penalty For Failure To Notify That A Return Contains Estimates After 36 Months
CFM99020,View changes,Corporate Finance Manual,Administration: Penalties: Introduction To Penalties For Incorrect Return
CFM99030,View changes,Corporate Finance Manual,Administration: Penalties: The Three Levels Of Inaccuracy And Penalty For An Incorrect Return
CFM99040,View changes,Corporate Finance Manual,Administration: Penalties: Notional Tax On The Return
CFM99050,View changes,Corporate Finance Manual,Administration: Penalties: Factors Which May Reduce The Level Of Penalty On An Incorrect Return
CFM99054,View changes,Corporate Finance Manual,Administration: Penalties: Reductions In Penalty Levels For Special Circumstances - General
CFM99057,View changes,Corporate Finance Manual,Administration: Penalties: Special Reduction Where Notional Tax Exceeds Actual Loss Of Tax
CFM99060,View changes,Corporate Finance Manual,Administration: Penalties: Inaccuracy Attributable To Company Other Than Reporting Company
CFM99070,View changes,Corporate Finance Manual,Administration: Penalties: Assessment Payment And Enforcement Of Penalty
CFM99080,View changes,Corporate Finance Manual,Administration: Penalties: Appeals Against Penalties For An Incorrect Return
CFM99090,View changes,Corporate Finance Manual,Administration: Penalties: Payments Between Group Companies In Respect Of Penalties
CFM99100,View changes,Corporate Finance Manual,Administration: Penalties: Penalties For Failure To Keep And Preserve Records
CFM99110,View changes,Corporate Finance Manual,Administration: Penalties: Penalties For Failure To Comply With Information Notices
CH290000,View changes,Compliance Handbook Manual,Evasion: Contents
CH290050,View changes,Compliance Handbook Manual,Evasion: Introduction
CH290100,View changes,Compliance Handbook Manual,Evasion: Referral Criteria
CH290150,View changes,Compliance Handbook Manual,Evasion: Voluntary Request For Contractual Disclosure Facility (CDF)
CH290200,View changes,Compliance Handbook Manual,Evasion: Referral Process
CH401290,View changes,Compliance Handbook Manual,Introduction: Requirement To Correct: Contents
CH62220,View changes,Compliance Handbook Manual,Behaviour - Examples
CH880100,View changes,Compliance Handbook Manual,Overview
COG932220,View changes,Compliance Operational Guidance Manual,Procedure
CTM61680,View changes,Company Taxation Manual,Close Companies: Loans To Participators: Indirect Loans - Exceptions
CTM61690,View changes,Company Taxation Manual,Close Companies: Loans To Participators: By Controlled Companies
DANSP42500,View changes,Decisions And Appeals For National Insurance Contributions And Statutory Payments,Of Decision: Address Of Named Person Unknown
DMBM677710,View changes,Debt Management And Banking Manual,Summary Proceedings (Sc): Small Claims - Defender&#146;S Options On Receipt Of The Summons: Contents
DMBM677720,View changes,Debt Management And Banking Manual,Notification To The Defender
DMBM677730,View changes,Debt Management And Banking Manual,Form 1B
DMBM677740,View changes,Debt Management And Banking Manual,"Defence, Dispute, Or Challenge To The Claim"
DMBM677750,View changes,Debt Management And Banking Manual,Debt Management Office Actions After Service Of The Summons
DMBM677760,View changes,Debt Management And Banking Manual,Payment In Full Or Part Payment
INTM152040,View changes,International Manual,OECD And UN Model Agreements
INTM152070,View changes,International Manual,Interpretation Of Double Taxation Agreements
INTM248150,View changes,International Manual,Alphabetic Index Of Terms Defined In Part 9A: Accounting Periods
INTM248200,View changes,International Manual,Alphabetic Index Of Terms Defined In Part 9A: Accounting Profits
INTM248300,View changes,International Manual,Alphabetic Index Of Terms Defined In Part 9A: Cell Companies
INTM248400,View changes,International Manual,Alphabetic Index Of Terms Defined In Part 9A: Non-Trading Finance Profits
INTM248450,View changes,International Manual,Alphabetic Index Of Terms Defined In Part 9A: Trading Finance Profits
INTM248500,View changes,International Manual,Alphabetic Index Of Terms Defined In Part 9A: Interests In Companies
INTM248550,View changes,International Manual,Alphabetic Index Of Terms Defined In Part 9A: Property Business Profits
INTM248600,View changes,International Manual,Alphabetic Index Of Terms Defined In Part 9A: Relevant Finance Lease
INTM285010,View changes,International Manual,Foreign Permanent Establishments Of UK Companies: Capital Allowances: Plant & Machinery: Introduction
INTM285050,View changes,International Manual,Foreign Permanent Establishments Of UK Companies: Capital Allowances: Plant & Machinery: Leasing
INTM286070,View changes,International Manual,Anti-Diversion Rule: Transitional Provisions
INTM286110,View changes,International Manual,Anti-Diversion Rule: Proportionate Reduction Where Tainted Relevant Transactions Arise
INTM286450,View changes,International Manual,Anti-Diversion Rule: Diverted Profits Gateway Approach: Example 3.
INTM287040,View changes,International Manual,Foreign Permanent Establishments Of UK Companies: Exclusions And Definitions: Position Of Payer
INTM330120,View changes,International Manual,Overview
INTM338060,View changes,International Manual,Mechanical Copyright Protection Society (MCPS)
INTM338090,View changes,International Manual,Public Lending Right (PLR)
INTM338570,View changes,International Manual,DT Applications And Claims Scheme For Interest
IPT07865,View changes,Insurance Premium Tax Manual,Guidance Relating To Periods Prior To 1 June 2017
IPTM8025,View changes,Insurance Policyholder Taxation Manual,Benefits Received Outside Policy And Free Gifts
MGETR20010,View changes,Museums And Galleries Exhibition Tax Relief,Making A Claim: How To Claim
OT05400,View changes,Oil Taxation Manual,PRT: Valuation Of Non-Arm's Gas - Valuation Of Light Gases From 1 January 1994 - Swing
OT10400,View changes,Oil Taxation Manual,PRT: Decommissioning - Allowable Expenditure: Abandonment Guarantees: Reimbursement Expenditure
OT10801,View changes,Oil Taxation Manual,Certainty - Decommissioning Relief Deeds
OT28701,View changes,Oil Taxation Manual,Decommissioning Relief Deeds
PTM054100,View changes,Pensions Tax Manual,Multiple Arrangements Under A Pension Scheme Providing Same Type Of Benefit
PTM055100,View changes,Pensions Tax Manual,General
RM3316,View changes,Repayment Claims Manual,How To Prepare And Issue Payable Order: Payable Order Not Collected
RM4010,View changes,Repayment Claims Manual,RO Instructions: Evidence Of PAYE Tax
STSM103000,View changes,Stamp Taxes On Shares Manual,Collectives: The Schedule 19 Charge: Contents
STSM103005,View changes,Stamp Taxes On Shares Manual,Collectives: FA99/SCH19 Charge On Units Surrendered Prior To 30 March 2014: Abolition
STSM103050,View changes,Stamp Taxes On Shares Manual,Liable And Accountable Person
STSM103080,View changes,Stamp Taxes On Shares Manual,Scope Of Stamp Duty Reserve Tax (SDRT)
STSM105105,View changes,Stamp Taxes On Shares Manual,In Specie Redemptions On Or After 30 March 2014
STSM106035,View changes,Stamp Taxes On Shares Manual,Exemptions - Third Party Transfers On Or After 30 March 2014
TCM0138210,View changes,Tax Credits Manual,Miscellaneous (P To V): Subject Access Requests – Identifying A SAR
TOBACCO-PRODUCTS-MANUFACTURING-MACHINERY-LICENSING-SCHEME,View changes,Tobacco Products Manufacturing Machinery Licensing Scheme,Tobacco Products Manufacturing Machinery Licensing Scheme
TOBCSC8760,View changes,Tobacco: Anti-Smuggling Or The Duty To Avoid Facilitating Smuggling,Template For Penalty Notice
TOBPMMLS1000,View changes,Tobacco Products Manufacturing Machinery Licensing Scheme,Introduction
TOBPMMLS10000,View changes,Tobacco Products Manufacturing Machinery Licensing Scheme,Due Diligence
TOBPMMLS1050,View changes,Tobacco Products Manufacturing Machinery Licensing Scheme,Scope Of This Guidance
TOBPMMLS1100,View changes,Tobacco Products Manufacturing Machinery Licensing Scheme,How This Is Intended To Help You
TOBPMMLS11000,View changes,Tobacco Products Manufacturing Machinery Licensing Scheme,What Is Trading Without A Licence
TOBPMMLS12000,View changes,Tobacco Products Manufacturing Machinery Licensing Scheme,Forfeiture
TOBPMMLS13000,View changes,Tobacco Products Manufacturing Machinery Licensing Scheme,Reviews And Appeals
TOBPMMLS13050,View changes,Tobacco Products Manufacturing Machinery Licensing Scheme,Types Of Appeal And Procedure
TOBPMMLS13100,View changes,Tobacco Products Manufacturing Machinery Licensing Scheme,Reviewing/Appealing Against The Imposition Of A Penalty
TOBPMMLS13150,View changes,Tobacco Products Manufacturing Machinery Licensing Scheme,Reviewing/Appealing Against A Licence Approval Decision
TOBPMMLS14000,View changes,Tobacco Products Manufacturing Machinery Licensing Scheme,Rules For Transferring A Licence
TOBPMMLS2000,View changes,Tobacco Products Manufacturing Machinery Licensing Scheme,The Scheme
TOBPMMLS2050,View changes,Tobacco Products Manufacturing Machinery Licensing Scheme,Overview
TOBPMMLS2100,View changes,Tobacco Products Manufacturing Machinery Licensing Scheme,What Is The Relevant Law
TOBPMMLS2150,View changes,Tobacco Products Manufacturing Machinery Licensing Scheme,Overview Of The Law
TOBPMMLS2200,View changes,Tobacco Products Manufacturing Machinery Licensing Scheme,Who Should Be Approved Under The Scheme
TOBPMMLS2250,View changes,Tobacco Products Manufacturing Machinery Licensing Scheme,UK Establishment
TOBPMMLS2300,View changes,Tobacco Products Manufacturing Machinery Licensing Scheme,Tobacco Products Manufacturing Machinery
TOBPMMLS2350,View changes,Tobacco Products Manufacturing Machinery Licensing Scheme,Tobacco Products Manufacturing Machinery Part
TOBPMMLS2400,View changes,Tobacco Products Manufacturing Machinery Licensing Scheme,Exemptions From The Scheme
TOBPMMLS2450,View changes,Tobacco Products Manufacturing Machinery Licensing Scheme,Haulage Of Tobacco Products Manufacturing Machines
TOBPMMLS2500,View changes,Tobacco Products Manufacturing Machinery Licensing Scheme,Acting As A Broker For The Sale Of A Tobacco Products Manufacturing Machine
TOBPMMLS3000,View changes,Tobacco Products Manufacturing Machinery Licensing Scheme,Application For A Licence
TOBPMMLS3050,View changes,Tobacco Products Manufacturing Machinery Licensing Scheme,Application To Obtain A Licence Under The Scheme
TOBPMMLS3100,View changes,Tobacco Products Manufacturing Machinery Licensing Scheme,Information Needed For The Application
TOBPMMLS3150,View changes,Tobacco Products Manufacturing Machinery Licensing Scheme,Considerations When Granting A Licence
TOBPMMLS3200,View changes,Tobacco Products Manufacturing Machinery Licensing Scheme,Eligibility For A Licence Under The Scheme
TOBPMMLS4000,View changes,Tobacco Products Manufacturing Machinery Licensing Scheme,Fit And Proper Test
TOBPMMLS4050,View changes,Tobacco Products Manufacturing Machinery Licensing Scheme,Overview
TOBPMMLS4100,View changes,Tobacco Products Manufacturing Machinery Licensing Scheme,Fit And Proper Criteria
TOBPMMLS4150,View changes,Tobacco Products Manufacturing Machinery Licensing Scheme,Evidence Of Illicit Trading
TOBPMMLS4200,View changes,Tobacco Products Manufacturing Machinery Licensing Scheme,Key Persons
TOBPMMLS4250,View changes,Tobacco Products Manufacturing Machinery Licensing Scheme,Connections To Other Non-Compliant Or Fraudulent Businesses
TOBPMMLS4300,View changes,Tobacco Products Manufacturing Machinery Licensing Scheme,Key Persons With Criminal Convictions
TOBPMMLS4350,View changes,Tobacco Products Manufacturing Machinery Licensing Scheme,False Or Incomplete Information Provided When Applying For The Licence
TOBPMMLS4400,View changes,Tobacco Products Manufacturing Machinery Licensing Scheme,Record Keeping
TOBPMMLS4450,View changes,Tobacco Products Manufacturing Machinery Licensing Scheme,Commercial Viability
TOBPMMLS4500,View changes,Tobacco Products Manufacturing Machinery Licensing Scheme,Outstanding Departmental Debts
TOBPMMLS4550,View changes,Tobacco Products Manufacturing Machinery Licensing Scheme,Due Dilligence
TOBPMMLS4600,View changes,Tobacco Products Manufacturing Machinery Licensing Scheme,Applicant That Have Previously Traded Without A Licence In The UK
TOBPMMLS4650,View changes,Tobacco Products Manufacturing Machinery Licensing Scheme,Reasonable And Proportionate Tests
TOBPMMLS5000,View changes,Tobacco Products Manufacturing Machinery Licensing Scheme,Granting Or Refusing An Application For A Licence
TOBPMMLS5050,View changes,Tobacco Products Manufacturing Machinery Licensing Scheme,Granting A Licence
TOBPMMLS5100,View changes,Tobacco Products Manufacturing Machinery Licensing Scheme,Granting A Licence With Conditions
TOBPMMLS5150,View changes,Tobacco Products Manufacturing Machinery Licensing Scheme,Refusing An Application
TOBPMMLS5200,View changes,Tobacco Products Manufacturing Machinery Licensing Scheme,How Many Tobacco Products Manufacturing Machinery Licences Are Required
TOBPMMLS6000,View changes,Tobacco Products Manufacturing Machinery Licensing Scheme,Obligations
TOBPMMLS6050,View changes,Tobacco Products Manufacturing Machinery Licensing Scheme,Obligations For The Individual/Company On Receipt Of The Licence
TOBPMMLS6100,View changes,Tobacco Products Manufacturing Machinery Licensing Scheme,Obligations For Tobacco Products Manufacturing Machine Manufacturers
TOBPMMLS6150,View changes,Tobacco Products Manufacturing Machinery Licensing Scheme,Obligations For Any Person Purchasing A Tobacco Products Manufacturing Machine
TOBPMMLS6200,View changes,Tobacco Products Manufacturing Machinery Licensing Scheme,Obligations For Any Person Selling A Tobacco Products Manufacturing Machine
TOBPMMLS6250,View changes,Tobacco Products Manufacturing Machinery Licensing Scheme,Obligations When Selling A Tobacco Products Manufacturing Machine Outside Of The UK
TOBPMMLS6300,View changes,Tobacco Products Manufacturing Machinery Licensing Scheme,Obligations When Destroying A Tobacco Products Manufacturing Machine
TOBPMMLS6350,View changes,Tobacco Products Manufacturing Machinery Licensing Scheme,Obligations When Importing A Tobacco Products Manufacturing Machine Into The UK
TOBPMMLS6400,View changes,Tobacco Products Manufacturing Machinery Licensing Scheme,Obligations When Purchasing Parts For A Tobacco Products Manufacturing Machine
TOBPMMLS7000,View changes,Tobacco Products Manufacturing Machinery Licensing Scheme,Variations And Revocations
TOBPMMLS7050,View changes,Tobacco Products Manufacturing Machinery Licensing Scheme,Variations That Must Be Notified
TOBPMMLS7100,View changes,Tobacco Products Manufacturing Machinery Licensing Scheme,Revocation Of Licence
TOBPMMLS7150,View changes,Tobacco Products Manufacturing Machinery Licensing Scheme,Licence No Longer Required
TOBPMMLS8000,View changes,Tobacco Products Manufacturing Machinery Licensing Scheme,Record Keeping
TOBPMMLS9000,View changes,Tobacco Products Manufacturing Machinery Licensing Scheme,Offences/Penalties
TPC60040,View changes,Television Production Company Manual,Abandonment
VATPOSS02000,View changes,VAT Manuals,Place Of Supply Of Services: 2010 Changes
VATWELF2000,View changes,VAT Manuals,Which Bodies Provide Exempt Welfare Services?
VATWELF2010,View changes,VAT Manuals,Which Bodies Provide Exempt Welfare Services?: Suppliers Of Welfare Services - The Law
VATWELF2020,View changes,VAT Manuals,Which Bodies Provide Exempt Welfare Services?: Brief Background To The Law
VATWELF2050,View changes,VAT Manuals,Which Bodies Provide Exempt Welfare Services?: What Is A Charity?
VATWELF2060,View changes,VAT Manuals,Which Bodies Provide Exempt Welfare Services?: What Are Public Bodies?
VATWELF2080,View changes,VAT Manuals,Which Bodies Provide Exempt Welfare Services?: What Are State-Regulated Private Welfare Institutions And Agencies?: Contents
VATWELF2090,View changes,VAT Manuals,Which Bodies Provide Exempt Welfare Services?: What Are State-Regulated Private Welfare Institutions And Agencies?: The Law
VATWELF2100,View changes,VAT Manuals,Which Bodies Provide Exempt Welfare Services?: What Are State-Regulated Private Welfare Institutions And Agencies?: Institutions - The Historical Position
VATWELF2120,View changes,VAT Manuals,Which Bodies Provide Exempt Welfare Services?: What Are State-Regulated Private Welfare Institutions And Agencies?: Commercial Welfare Providers
VATWELF2140,View changes,VAT Manuals,Which Bodies Provide Exempt Welfare Services?: What Are State-Regulated Private Welfare Institutions And Agencies?: Agencies - The Historic Position
VATWELF2160,View changes,VAT Manuals,Which Bodies Provide Exempt Welfare Services?: What Are State-Regulated Private Welfare Institutions And Agencies?: Effective Date Of State-Regulation
VATWELF4000,View changes,VAT Manuals,Spiritual Welfare
VATWELF4010,View changes,VAT Manuals,Spiritual Welfare: About VATWELF4000
VATWELF4020,View changes,VAT Manuals,Spiritual Welfare: Legal Basis For Exemption: Contents
VATWELF4030,View changes,VAT Manuals,Law
VATWELF4040,View changes,VAT Manuals,Interpretation
VATWELF4050,View changes,VAT Manuals,Spiritual Welfare: Which Supplies Of Spiritual Welfare Are Exempt From VAT?
VATWELF4060,View changes,VAT Manuals,Spiritual Welfare: Supplies That Are Not Spiritual Welfare
VATWELF4070,View changes,VAT Manuals,Spiritual Welfare: Goods And Services Incidental To Spiritual Welfare
VCM16060,View changes,Venture Capital Schemes Manual,EIS: General Requirements: Meaning Of 'Knowledge-Intensive Company'
